rank,ticker,company_name,share_type,edisclosure_company_id,edisclosure_url,moex_source_url
1,LKOH,"ПАО ""ЛУКОЙЛ""",Обыкновенные,17,https://www.e-disclosure.ru/portal/company.aspx?id=17,https://fs.moex.com/f/23846/novye-bazy-indeksov-4-ijunja.xlsx
2,SBER,ПАО Сбербанк,Обыкновенные,3043,https://www.e-disclosure.ru/portal/company.aspx?id=3043,https://fs.moex.com/f/23846/novye-bazy-indeksov-4-ijunja.xlsx
3,GAZP,"ПАО ""Газпром""",Обыкновенные,934,https://www.e-disclosure.ru/portal/company.aspx?id=934,https://fs.moex.com/f/23846/novye-bazy-indeksov-4-ijunja.xlsx
4,YDEX,"МКПАО ""ЯНДЕКС""",Обыкновенные,39059,https://www.e-disclosure.ru/portal/company.aspx?id=39059,https://fs.moex.com/f/23846/novye-bazy-indeksov-4-ijunja.xlsx
5,TATN,"ПАО ""Татнефть"" им. В.Д. Шашина",Обыкновенные,118,https://www.e-disclosure.ru/portal/company.aspx?id=118,https://fs.moex.com/f/23846/novye-bazy-indeksov-4-ijunja.xlsx
6,T,"МКПАО ""Т-Технологии""",Обыкновенные,39055,https://www.e-disclosure.ru/portal/company.aspx?id=39055,https://fs.moex.com/f/23846/novye-bazy-indeksov-4-ijunja.xlsx
7,NVTK,"ПАО ""НОВАТЭК""",Обыкновенные,225,https://www.e-disclosure.ru/portal/company.aspx?id=225,https://fs.moex.com/f/23846/novye-bazy-indeksov-4-ijunja.xlsx
8,GMKN,"ПАО ""ГМК ""Норильский никель""",Обыкновенные,564,https://www.e-disclosure.ru/portal/company.aspx?id=564,https://fs.moex.com/f/23846/novye-bazy-indeksov-4-ijunja.xlsx
9,PLZL,"ПАО ""Полюс""",Обыкновенные,7832,https://www.e-disclosure.ru/portal/company.aspx?id=7832,https://fs.moex.com/f/23846/novye-bazy-indeksov-4-ijunja.xlsx
10,OZON,"МКПАО ""Озон""",Обыкновенные,39583,https://www.e-disclosure.ru/portal/company.aspx?id=39583,https://fs.moex.com/f/23846/novye-bazy-indeksov-4-ijunja.xlsx
11,VTBR,Банк ВТБ (ПАО),Обыкновенные,1210,https://www.e-disclosure.ru/portal/company.aspx?id=1210,https://fs.moex.com/f/23846/novye-bazy-indeksov-4-ijunja.xlsx
12,X5,"ПАО ""Корпоративный центр ИКС 5""",Обыкновенные,39008,https://www.e-disclosure.ru/portal/company.aspx?id=39008,https://fs.moex.com/f/23846/novye-bazy-indeksov-4-ijunja.xlsx
13,ROSN,"ПАО ""НК ""Роснефть""",Обыкновенные,6505,https://www.e-disclosure.ru/portal/company.aspx?id=6505,https://fs.moex.com/f/23846/novye-bazy-indeksov-4-ijunja.xlsx
14,SBERP,ПАО Сбербанк,Привилегированные,3043,https://www.e-disclosure.ru/portal/company.aspx?id=3043,https://fs.moex.com/f/23846/novye-bazy-indeksov-4-ijunja.xlsx
15,SNGS,"ПАО ""Сургутнефтегаз""",Обыкновенные,312,https://www.e-disclosure.ru/portal/company.aspx?id=312,https://fs.moex.com/f/23846/novye-bazy-indeksov-4-ijunja.xlsx
16,SNGSP,"ПАО ""Сургутнефтегаз""",Привилегированные,312,https://www.e-disclosure.ru/portal/company.aspx?id=312,https://fs.moex.com/f/23846/novye-bazy-indeksov-4-ijunja.xlsx
17,MTSS,"ПАО ""МТС""",Обыкновенные,236,https://www.e-disclosure.ru/portal/company.aspx?id=236,https://fs.moex.com/f/23846/novye-bazy-indeksov-4-ijunja.xlsx
18,IRAO,"ПАО ""Интер РАО""",Обыкновенные,12213,https://www.e-disclosure.ru/portal/company.aspx?id=12213,https://fs.moex.com/f/23846/novye-bazy-indeksov-4-ijunja.xlsx
19,MOEX,ПАО Московская Биржа,Обыкновенные,43,https://www.e-disclosure.ru/portal/company.aspx?id=43,https://fs.moex.com/f/23846/novye-bazy-indeksov-4-ijunja.xlsx
20,HEAD,"МКПАО ""Хэдхантер""",Обыкновенные,39017,https://www.e-disclosure.ru/portal/company.aspx?id=39017,https://fs.moex.com/f/23846/novye-bazy-indeksov-4-ijunja.xlsx
21,RUAL,"МКПАО ""Объединенная компания ""РУСАЛ""",Обыкновенные,38288,https://www.e-disclosure.ru/portal/company.aspx?id=38288,https://fs.moex.com/f/23846/novye-bazy-indeksov-4-ijunja.xlsx
22,TATNP,"ПАО ""Татнефть"" им. В.Д. Шашина",Привилегированные,118,https://www.e-disclosure.ru/portal/company.aspx?id=118,https://fs.moex.com/f/23846/novye-bazy-indeksov-4-ijunja.xlsx
23,PIKK,"ПАО ""Группа Компаний ПИК""",Обыкновенные,44,https://www.e-disclosure.ru/portal/company.aspx?id=44,https://fs.moex.com/f/23846/novye-bazy-indeksov-4-ijunja.xlsx
24,CHMF,"ПАО ""Северсталь""",Обыкновенные,30,https://www.e-disclosure.ru/portal/company.aspx?id=30,https://fs.moex.com/f/23846/novye-bazy-indeksov-4-ijunja.xlsx
25,NLMK,"ПАО ""НЛМК""",Обыкновенные,2509,https://www.e-disclosure.ru/portal/company.aspx?id=2509,https://fs.moex.com/f/23846/novye-bazy-indeksov-4-ijunja.xlsx
26,DOMRF,"ПАО ""ДОМ.РФ""",Обыкновенные,1263,https://www.e-disclosure.ru/portal/company.aspx?id=1263,https://fs.moex.com/f/23846/novye-bazy-indeksov-4-ijunja.xlsx
27,PHOR,"ПАО ""ФосАгро""",Обыкновенные,573,https://www.e-disclosure.ru/portal/company.aspx?id=573,https://fs.moex.com/f/23846/novye-bazy-indeksov-4-ijunja.xlsx
28,AFLT,"ПАО ""Аэрофлот""",Обыкновенные,1480,https://www.e-disclosure.ru/portal/company.aspx?id=1480,https://fs.moex.com/f/23846/novye-bazy-indeksov-4-ijunja.xlsx
29,CBOM,"ПАО ""МОСКОВСКИЙ КРЕДИТНЫЙ БАНК""",Обыкновенные,202,https://www.e-disclosure.ru/portal/company.aspx?id=202,https://fs.moex.com/f/23846/novye-bazy-indeksov-4-ijunja.xlsx
30,SVCB,"ПАО ""Совкомбанк""",Обыкновенные,30052,https://www.e-disclosure.ru/portal/company.aspx?id=30052,https://fs.moex.com/f/23846/novye-bazy-indeksov-4-ijunja.xlsx
31,AKRN,"ПАО ""Акрон""",Обыкновенные,357,https://www.e-disclosure.ru/portal/company.aspx?id=357,https://fs.moex.com/f/23846/novye-bazy-indeksov-4-ijunja.xlsx
32,RTKM,"ПАО ""Ростелеком""",Обыкновенные,141,https://www.e-disclosure.ru/portal/company.aspx?id=141,https://fs.moex.com/f/23846/novye-bazy-indeksov-4-ijunja.xlsx
33,TRNFP,"ПАО ""Транснефть""",Привилегированные,636,https://www.e-disclosure.ru/portal/company.aspx?id=636,https://fs.moex.com/f/23846/novye-bazy-indeksov-4-ijunja.xlsx
34,ENPG,"МКПАО ""ЭН+ ГРУП""",Обыкновенные,37955,https://www.e-disclosure.ru/portal/company.aspx?id=37955,https://fs.moex.com/f/23846/novye-bazy-indeksov-4-ijunja.xlsx
35,MAGN,"ПАО ""ММК""",Обыкновенные,9,https://www.e-disclosure.ru/portal/company.aspx?id=9,https://fs.moex.com/f/23846/novye-bazy-indeksov-4-ijunja.xlsx
36,MGNT,"ПАО ""Магнит""",Обыкновенные,7671,https://www.e-disclosure.ru/portal/company.aspx?id=7671,https://fs.moex.com/f/23846/novye-bazy-indeksov-4-ijunja.xlsx
37,ALRS,"АК ""АЛРОСА"" (ПАО)",Обыкновенные,199,https://www.e-disclosure.ru/portal/company.aspx?id=199,https://fs.moex.com/f/23846/novye-bazy-indeksov-4-ijunja.xlsx
38,VKCO,"МКПАО ""ВК""",Обыкновенные,38965,https://www.e-disclosure.ru/portal/company.aspx?id=38965,https://fs.moex.com/f/23846/novye-bazy-indeksov-4-ijunja.xlsx
39,LSNGP,"ПАО ""Ленэнерго""",Привилегированные,65,https://www.e-disclosure.ru/portal/company.aspx?id=65,https://fs.moex.com/f/23846/novye-bazy-indeksov-4-ijunja.xlsx
40,AFKS,"ПАО АФК ""Система""",Обыкновенные,4772,https://www.e-disclosure.ru/portal/company.aspx?id=4772,https://fs.moex.com/f/23846/novye-bazy-indeksov-4-ijunja.xlsx
41,MDMG,"МКПАО ""МД Медикал Груп""",Обыкновенные,39129,https://www.e-disclosure.ru/portal/company.aspx?id=39129,https://fs.moex.com/f/23846/novye-bazy-indeksov-4-ijunja.xlsx
42,BSPB,"ПАО ""Банк ""Санкт-Петербург""",Обыкновенные,3935,https://www.e-disclosure.ru/portal/company.aspx?id=3935,https://fs.moex.com/f/23846/novye-bazy-indeksov-4-ijunja.xlsx
43,FLOT,"ПАО ""Совкомфлот""",Обыкновенные,11967,https://www.e-disclosure.ru/portal/company.aspx?id=11967,https://fs.moex.com/f/23846/novye-bazy-indeksov-4-ijunja.xlsx
44,CNRU,"МКПАО ""ЦИАН""",Обыкновенные,39286,https://www.e-disclosure.ru/portal/company.aspx?id=39286,https://fs.moex.com/f/23846/novye-bazy-indeksov-4-ijunja.xlsx
45,RAGR,"ПАО ""Группа ""Русагро""",Обыкновенные,25660,https://www.e-disclosure.ru/portal/company.aspx?id=25660,https://fs.moex.com/f/23846/novye-bazy-indeksov-4-ijunja.xlsx
46,LENT,"МКПАО ""Лента""",Обыкновенные,38380,https://www.e-disclosure.ru/portal/company.aspx?id=38380,https://fs.moex.com/f/23846/novye-bazy-indeksov-4-ijunja.xlsx
47,VSMO,"ПАО ""Корпорация ВСМПО-АВИСМА""",Обыкновенные,1641,https://www.e-disclosure.ru/portal/company.aspx?id=1641,https://fs.moex.com/f/23846/novye-bazy-indeksov-4-ijunja.xlsx
48,BANEP,"ПАО АНК ""Башнефть""",Привилегированные,1976,https://www.e-disclosure.ru/portal/company.aspx?id=1976,https://fs.moex.com/f/23846/novye-bazy-indeksov-4-ijunja.xlsx
49,POSI,"ПАО ""Группа Позитив""",Обыкновенные,38196,https://www.e-disclosure.ru/portal/company.aspx?id=38196,https://fs.moex.com/f/23846/novye-bazy-indeksov-4-ijunja.xlsx
50,UGLD,"ПАО ""ЮГК""",Обыкновенные,11794,https://www.e-disclosure.ru/portal/company.aspx?id=11794,https://fs.moex.com/f/23846/novye-bazy-indeksov-4-ijunja.xlsx
51,FESH,"ПАО ""ДВМП""",Обыкновенные,83,https://www.e-disclosure.ru/portal/company.aspx?id=83,https://fs.moex.com/f/23846/novye-bazy-indeksov-4-ijunja.xlsx
52,MRKP,"ПАО ""Россети Центр и Приволжье""",Обыкновенные,12093,https://www.e-disclosure.ru/portal/company.aspx?id=12093,https://fs.moex.com/f/23846/novye-bazy-indeksov-4-ijunja.xlsx
53,RENI,ПАО Группа Ренессанс Страхование,Обыкновенные,37468,https://www.e-disclosure.ru/portal/company.aspx?id=37468,https://fs.moex.com/f/23846/novye-bazy-indeksov-4-ijunja.xlsx
54,NMTP,"ПАО ""НМТП""",Обыкновенные,3900,https://www.e-disclosure.ru/portal/company.aspx?id=3900,https://fs.moex.com/f/23846/novye-bazy-indeksov-4-ijunja.xlsx
55,GEMC,МКПАО ЮМГ,Обыкновенные,39022,https://www.e-disclosure.ru/portal/company.aspx?id=39022,https://fs.moex.com/f/23846/novye-bazy-indeksov-4-ijunja.xlsx
56,OZPH,"ПАО ""Озон Фармацевтика""",Обыкновенные,39126,https://www.e-disclosure.ru/portal/company.aspx?id=39126,https://fs.moex.com/f/23846/novye-bazy-indeksov-4-ijunja.xlsx
57,SELG,"ПАО ""Селигдар""",Обыкновенные,12557,https://www.e-disclosure.ru/portal/company.aspx?id=12557,https://fs.moex.com/f/23846/novye-bazy-indeksov-4-ijunja.xlsx
58,MSNG,"ПАО ""Мосэнерго""",Обыкновенные,936,https://www.e-disclosure.ru/portal/company.aspx?id=936,https://fs.moex.com/f/23846/novye-bazy-indeksov-4-ijunja.xlsx
59,HYDR,"ПАО ""РусГидро""",Обыкновенные,8580,https://www.e-disclosure.ru/portal/company.aspx?id=8580,https://fs.moex.com/f/23846/novye-bazy-indeksov-4-ijunja.xlsx
60,UPRO,"ПАО ""Юнипро""",Обыкновенные,7878,https://www.e-disclosure.ru/portal/company.aspx?id=7878,https://fs.moex.com/f/23846/novye-bazy-indeksov-4-ijunja.xlsx
61,ASTR,"ПАО ""Группа Астра""",Обыкновенные,38906,https://www.e-disclosure.ru/portal/company.aspx?id=38906,https://fs.moex.com/f/23846/novye-bazy-indeksov-4-ijunja.xlsx
62,MSRS,"ПАО ""МОЭСК""",Обыкновенные,5563,https://www.e-disclosure.ru/portal/company.aspx?id=5563,https://fs.moex.com/f/23846/novye-bazy-indeksov-4-ijunja.xlsx
63,LSRG,"ПАО ""Группа ЛСР""",Обыкновенные,4834,https://www.e-disclosure.ru/portal/company.aspx?id=4834,https://fs.moex.com/f/23846/novye-bazy-indeksov-4-ijunja.xlsx
64,FEES,"ПАО ""ФСК - Россети""",Обыкновенные,379,https://www.e-disclosure.ru/portal/company.aspx?id=379,https://fs.moex.com/f/23846/novye-bazy-indeksov-4-ijunja.xlsx
65,APTK,"ПАО ""Аптечная сеть 36,6""",Обыкновенные,1216,https://www.e-disclosure.ru/portal/company.aspx?id=1216,https://fs.moex.com/f/23846/novye-bazy-indeksov-4-ijunja.xlsx
66,SMLT,"ПАО ""ГК ""Самолет""",Обыкновенные,36419,https://www.e-disclosure.ru/portal/company.aspx?id=36419,https://fs.moex.com/f/23846/novye-bazy-indeksov-4-ijunja.xlsx
67,UWGN,"ПАО ""НПК ОВК""",Обыкновенные,35102,https://www.e-disclosure.ru/portal/company.aspx?id=35102,https://fs.moex.com/f/23846/novye-bazy-indeksov-4-ijunja.xlsx
68,FIXR,"ПАО ""Фикс Прайс""",Обыкновенные,39347,https://www.e-disclosure.ru/portal/company.aspx?id=39347,https://fs.moex.com/f/23846/novye-bazy-indeksov-4-ijunja.xlsx
69,PRMD,"ПАО ""ПРОМОМЕД""",Обыкновенные,38533,https://www.e-disclosure.ru/portal/company.aspx?id=38533,https://fs.moex.com/f/23846/novye-bazy-indeksov-4-ijunja.xlsx
70,RTKMP,"ПАО ""Ростелеком""",Привилегированные,141,https://www.e-disclosure.ru/portal/company.aspx?id=141,https://fs.moex.com/f/23846/novye-bazy-indeksov-4-ijunja.xlsx
71,AQUA,"ПАО ""ИНАРКТИКА""",Обыкновенные,17531,https://www.e-disclosure.ru/portal/company.aspx?id=17531,https://fs.moex.com/f/23846/novye-bazy-indeksov-4-ijunja.xlsx
72,NKNCP,"ПАО ""Нижнекамскнефтехим""",Привилегированные,197,https://www.e-disclosure.ru/portal/company.aspx?id=197,https://fs.moex.com/f/23846/novye-bazy-indeksov-4-ijunja.xlsx
73,RNFT,"ПАО ""НК ""РуссНефть""",Обыкновенные,534,https://www.e-disclosure.ru/portal/company.aspx?id=534,https://fs.moex.com/f/23846/novye-bazy-indeksov-4-ijunja.xlsx
74,MRKV,"ПАО ""Россети Волга""",Обыкновенные,12131,https://www.e-disclosure.ru/portal/company.aspx?id=12131,https://fs.moex.com/f/23846/novye-bazy-indeksov-4-ijunja.xlsx
75,MRKU,"ПАО ""Россети Урал""",Обыкновенные,12105,https://www.e-disclosure.ru/portal/company.aspx?id=12105,https://fs.moex.com/f/23846/novye-bazy-indeksov-4-ijunja.xlsx
76,MRKC,"ПАО ""Россети Центр""",Обыкновенные,7985,https://www.e-disclosure.ru/portal/company.aspx?id=7985,https://fs.moex.com/f/23846/novye-bazy-indeksov-4-ijunja.xlsx
77,MBNK,"ПАО ""МТС-Банк""",Обыкновенные,1285,https://www.e-disclosure.ru/portal/company.aspx?id=1285,https://fs.moex.com/f/23846/novye-bazy-indeksov-4-ijunja.xlsx
78,TRMK,"ПАО ""ТМК""",Обыкновенные,274,https://www.e-disclosure.ru/portal/company.aspx?id=274,https://fs.moex.com/f/23846/novye-bazy-indeksov-4-ijunja.xlsx
79,MTLR,"ПАО ""Мечел""",Обыкновенные,1942,https://www.e-disclosure.ru/portal/company.aspx?id=1942,https://fs.moex.com/f/23846/novye-bazy-indeksov-4-ijunja.xlsx
80,BELU,"ПАО ""НоваБев Групп""",Обыкновенные,7380,https://www.e-disclosure.ru/portal/company.aspx?id=7380,https://fs.moex.com/f/23846/novye-bazy-indeksov-4-ijunja.xlsx
81,VSEH,"ПАО ""ВИ.ру""",Обыкновенные,39131,https://www.e-disclosure.ru/portal/company.aspx?id=39131,https://fs.moex.com/f/23846/novye-bazy-indeksov-4-ijunja.xlsx
82,NKHP,"ПАО ""Новороссийский комбинат хлебопродуктов""",Обыкновенные,10198,https://www.e-disclosure.ru/portal/company.aspx?id=10198,https://fs.moex.com/f/23846/novye-bazy-indeksov-4-ijunja.xlsx
83,SOFL,"ПАО ""Софтлайн""",Обыкновенные,37065,https://www.e-disclosure.ru/portal/company.aspx?id=37065,https://fs.moex.com/f/23846/novye-bazy-indeksov-4-ijunja.xlsx
84,SGZH,"ПАО ГК ""Сегежа""",Обыкновенные,38038,https://www.e-disclosure.ru/portal/company.aspx?id=38038,https://fs.moex.com/f/23846/novye-bazy-indeksov-4-ijunja.xlsx
85,ETLN,"МКПАО ""Эталон Груп""",Обыкновенные,39517,https://www.e-disclosure.ru/portal/company.aspx?id=39517,https://fs.moex.com/f/23846/novye-bazy-indeksov-4-ijunja.xlsx
86,DATA,"ПАО ""Группа Аренадата""",Обыкновенные,39154,https://www.e-disclosure.ru/portal/company.aspx?id=39154,https://fs.moex.com/f/23846/novye-bazy-indeksov-4-ijunja.xlsx
87,RASP,"ПАО ""Распадская""",Обыкновенные,942,https://www.e-disclosure.ru/portal/company.aspx?id=942,https://fs.moex.com/f/23846/novye-bazy-indeksov-4-ijunja.xlsx
88,SPBE,"ПАО ""СПБ Биржа""",Обыкновенные,4566,https://www.e-disclosure.ru/portal/company.aspx?id=4566,https://fs.moex.com/f/23846/novye-bazy-indeksov-4-ijunja.xlsx
89,EUTR,"ПАО ""ЕвроТранс""",Обыкновенные,38758,https://www.e-disclosure.ru/portal/company.aspx?id=38758,https://fs.moex.com/f/23846/novye-bazy-indeksov-4-ijunja.xlsx
90,TGKA,"ПАО ""ТГК-1""",Обыкновенные,7263,https://www.e-disclosure.ru/portal/company.aspx?id=7263,https://fs.moex.com/f/23846/novye-bazy-indeksov-4-ijunja.xlsx
91,BAZA,"ПАО ""ГК ""БАЗИС""",Обыкновенные,39611,https://www.e-disclosure.ru/portal/company.aspx?id=39611,https://fs.moex.com/f/23846/novye-bazy-indeksov-4-ijunja.xlsx
92,OGKB,"ПАО ""ОГК-2""",Обыкновенные,7234,https://www.e-disclosure.ru/portal/company.aspx?id=7234,https://fs.moex.com/f/23846/novye-bazy-indeksov-4-ijunja.xlsx
93,ELFV,"ПАО ""ЭЛ5-Энерго""",Обыкновенные,5732,https://www.e-disclosure.ru/portal/company.aspx?id=5732,https://fs.moex.com/f/23846/novye-bazy-indeksov-4-ijunja.xlsx
94,MTLRP,"ПАО ""Мечел""",Привилегированные,1942,https://www.e-disclosure.ru/portal/company.aspx?id=1942,https://fs.moex.com/f/23846/novye-bazy-indeksov-4-ijunja.xlsx
95,WUSH,"ПАО ""ВУШ Холдинг""",Обыкновенные,38772,https://www.e-disclosure.ru/portal/company.aspx?id=38772,https://fs.moex.com/f/23846/novye-bazy-indeksov-4-ijunja.xlsx
96,SFIN,"ПАО ""ЭсЭфАй""",Обыкновенные,11328,https://www.e-disclosure.ru/portal/company.aspx?id=11328,https://fs.moex.com/f/23846/novye-bazy-indeksov-4-ijunja.xlsx
97,GLRX,"ПАО ""ГЛОРАКС""",Обыкновенные,38535,https://www.e-disclosure.ru/portal/company.aspx?id=38535,https://fs.moex.com/f/23846/novye-bazy-indeksov-4-ijunja.xlsx
98,SVAV,"ПАО ""СОЛЛЕРС""",Обыкновенные,1324,https://www.e-disclosure.ru/portal/company.aspx?id=1324,https://fs.moex.com/f/23846/novye-bazy-indeksov-4-ijunja.xlsx
99,HNFG,"ПАО ""ЭЙЧ ЭФ ДЖИ""",Обыкновенные,38967,https://www.e-disclosure.ru/portal/company.aspx?id=38967,https://fs.moex.com/f/23846/novye-bazy-indeksov-4-ijunja.xlsx
100,DIAS,"ПАО ""Диасофт""",Обыкновенные,38975,https://www.e-disclosure.ru/portal/company.aspx?id=38975,https://fs.moex.com/f/23846/novye-bazy-indeksov-4-ijunja.xlsx
