rank,ticker,company_name,issuecapitalization_rub,listlevel,e_disclosure_company_id,e_disclosure_company_url,e_disclosure_files_type_4_url,e_disclosure_files_type_3_url,e_disclosure_files_type_2_url,e_disclosure_search_url,e_disclosure_search_terms,link_status,source_board,source_universe,captured_on
1,SBER,Сбербанк России ПАО ао,6753260812320.0,1,3043,https://www.e-disclosure.ru/portal/company.aspx?id=3043,https://www.e-disclosure.ru/portal/files.aspx?id=3043&type=4,https://www.e-disclosure.ru/portal/files.aspx?id=3043&type=3,https://www.e-disclosure.ru/portal/files.aspx?id=3043&type=2,https://www.e-disclosure.ru/poisk-po-kompaniyam,"ПАО ""Сбербанк"" | Сбербанк | SBER | Сбербанк России ПАО ао",known_company_id,TQBR,top100_by_issuecapitalization_common_shares,2026-06-21
2,ROSN,ПАО НК Роснефть,3459245239468.8,1,6505,https://www.e-disclosure.ru/portal/company.aspx?id=6505,https://www.e-disclosure.ru/portal/files.aspx?id=6505&type=4,https://www.e-disclosure.ru/portal/files.aspx?id=6505&type=3,https://www.e-disclosure.ru/portal/files.aspx?id=6505&type=2,https://www.e-disclosure.ru/poisk-po-kompaniyam,"ПАО ""НК Роснефть"" | Роснефть | ROSN | ПАО НК Роснефть",known_company_id,TQBR,top100_by_issuecapitalization_common_shares,2026-06-21
3,LKOH,НК ЛУКОЙЛ (ПАО) - ао,3032673440274.0,1,17,https://www.e-disclosure.ru/portal/company.aspx?id=17,https://www.e-disclosure.ru/portal/files.aspx?id=17&type=4,https://www.e-disclosure.ru/portal/files.aspx?id=17&type=3,https://www.e-disclosure.ru/portal/files.aspx?id=17&type=2,https://www.e-disclosure.ru/poisk-po-kompaniyam,"ПАО ""ЛУКОЙЛ"" | ЛУКОЙЛ | LKOH | НК ЛУКОЙЛ (ПАО) - ао",known_company_id,TQBR,top100_by_issuecapitalization_common_shares,2026-06-21
4,NVTK,"ПАО ""НОВАТЭК"" ао",2970721790400.0,1,225,https://www.e-disclosure.ru/portal/company.aspx?id=225,https://www.e-disclosure.ru/portal/files.aspx?id=225&type=4,https://www.e-disclosure.ru/portal/files.aspx?id=225&type=3,https://www.e-disclosure.ru/portal/files.aspx?id=225&type=2,https://www.e-disclosure.ru/poisk-po-kompaniyam,"ПАО ""НОВАТЭК"" | НОВАТЭК | NVTK | ПАО ""НОВАТЭК"" ао",known_company_id,TQBR,top100_by_issuecapitalization_common_shares,2026-06-21
5,PLZL,Полюс ПАО ао,2743703383616.4,1,12430,https://www.e-disclosure.ru/portal/company.aspx?id=12430,https://www.e-disclosure.ru/portal/files.aspx?id=12430&type=4,https://www.e-disclosure.ru/portal/files.aspx?id=12430&type=3,https://www.e-disclosure.ru/portal/files.aspx?id=12430&type=2,https://www.e-disclosure.ru/poisk-po-kompaniyam,"ПАО ""Полюс"" | Полюс | PLZL | Полюс ПАО ао",known_company_id,TQBR,top100_by_issuecapitalization_common_shares,2026-06-21
6,GAZP,"""Газпром"" (ПАО) ао",2473645362921.0,1,934,https://www.e-disclosure.ru/portal/company.aspx?id=934,https://www.e-disclosure.ru/portal/files.aspx?id=934&type=4,https://www.e-disclosure.ru/portal/files.aspx?id=934&type=3,https://www.e-disclosure.ru/portal/files.aspx?id=934&type=2,https://www.e-disclosure.ru/poisk-po-kompaniyam,"ПАО ""Газпром"" | Газпром | GAZP | ""Газпром"" (ПАО) ао",known_company_id,TQBR,top100_by_issuecapitalization_common_shares,2026-06-21
7,SIBN,Газпром нефть ПАО ао,2179812509030.25,3,347,https://www.e-disclosure.ru/portal/company.aspx?id=347,https://www.e-disclosure.ru/portal/files.aspx?id=347&type=4,https://www.e-disclosure.ru/portal/files.aspx?id=347&type=3,https://www.e-disclosure.ru/portal/files.aspx?id=347&type=2,https://www.e-disclosure.ru/poisk-po-kompaniyam,"ПАО ""Газпром нефть"" | Газпром нефть | SIBN | Газпром нефть ПАО ао",known_company_id,TQBR,top100_by_issuecapitalization_common_shares,2026-06-21
8,GMKN,"ГМК ""Нор.Никель"" ПАО ао",2013210938490.0,1,564,https://www.e-disclosure.ru/portal/company.aspx?id=564,https://www.e-disclosure.ru/portal/files.aspx?id=564&type=4,https://www.e-disclosure.ru/portal/files.aspx?id=564&type=3,https://www.e-disclosure.ru/portal/files.aspx?id=564&type=2,https://www.e-disclosure.ru/poisk-po-kompaniyam,"ПАО ""ГМК Норильский никель"" | Норильский никель | GMKN | ГМК ""Нор.Никель"" ПАО ао",known_company_id,TQBR,top100_by_issuecapitalization_common_shares,2026-06-21
9,YDEX,МКПАО ЯНДЕКС,1545114487392.0,1,,,,,,https://www.e-disclosure.ru/poisk-po-kompaniyam,Яндекс | YDEX | МКПАО ЯНДЕКС,search_only,TQBR,top100_by_issuecapitalization_common_shares,2026-06-21
10,TATN,"ПАО ""Татнефть"" ао",1166253131710.0,1,118,https://www.e-disclosure.ru/portal/company.aspx?id=118,https://www.e-disclosure.ru/portal/files.aspx?id=118&type=4,https://www.e-disclosure.ru/portal/files.aspx?id=118&type=3,https://www.e-disclosure.ru/portal/files.aspx?id=118&type=2,https://www.e-disclosure.ru/poisk-po-kompaniyam,"ПАО ""Татнефть"" | Татнефть | TATN | ПАО ""Татнефть"" ао",known_company_id,TQBR,top100_by_issuecapitalization_common_shares,2026-06-21
11,VTBR,ао ПАО Банк ВТБ,975206059590.96,1,,,,,,https://www.e-disclosure.ru/poisk-po-kompaniyam,Банк ВТБ (ПАО) | ВТБ | VTBR | ао ПАО Банк ВТБ,search_only,TQBR,top100_by_issuecapitalization_common_shares,2026-06-21
12,GAZT,ГАЗ-Тек ПАО ао,819813813700.0,3,,,,,,https://www.e-disclosure.ru/poisk-po-kompaniyam,GAZT | ГАЗ-Тек ПАО ао,search_only,TQBR,top100_by_issuecapitalization_common_shares,2026-06-21
13,OZON,МКПАО Озон,803003156296.5,1,,,,,,https://www.e-disclosure.ru/poisk-po-kompaniyam,Ozon | Озон | OZON | МКПАО Озон,search_only,TQBR,top100_by_issuecapitalization_common_shares,2026-06-21
14,T,Т-Технологии МКПАО ао,752510774730.0,1,,,,,,https://www.e-disclosure.ru/poisk-po-kompaniyam,T | Т-Технологии МКПАО ао,search_only,TQBR,top100_by_issuecapitalization_common_shares,2026-06-21
15,PHOR,ФосАгро ПАО ао,746308500000.0,1,,,,,,https://www.e-disclosure.ru/poisk-po-kompaniyam,"ПАО ""ФосАгро"" | ФосАгро | PHOR | ФосАгро ПАО ао",search_only,TQBR,top100_by_issuecapitalization_common_shares,2026-06-21
16,AKRN,Акрон ПАО ао,638765856968.0,2,,,,,,https://www.e-disclosure.ru/poisk-po-kompaniyam,AKRN | Акрон ПАО ао,search_only,TQBR,top100_by_issuecapitalization_common_shares,2026-06-21
17,X5,Корпоративный центр ИКС 5,633036364632.0,1,,,,,,https://www.e-disclosure.ru/poisk-po-kompaniyam,X5 | Корпоративный центр ИКС 5,search_only,TQBR,top100_by_issuecapitalization_common_shares,2026-06-21
18,SNGS,Сургутнефтегаз ПАО акции об.,620381898052.32,2,312,https://www.e-disclosure.ru/portal/company.aspx?id=312,https://www.e-disclosure.ru/portal/files.aspx?id=312&type=4,https://www.e-disclosure.ru/portal/files.aspx?id=312&type=3,https://www.e-disclosure.ru/portal/files.aspx?id=312&type=2,https://www.e-disclosure.ru/poisk-po-kompaniyam,"ПАО ""Сургутнефтегаз"" | Сургутнефтегаз | SNGS | Сургутнефтегаз ПАО акции об.",known_company_id,TQBR,top100_by_issuecapitalization_common_shares,2026-06-21
19,CHMF,Северсталь (ПАО)ао,524244337428.0,1,,,,,,https://www.e-disclosure.ru/poisk-po-kompaniyam,"ПАО ""Северсталь"" | Северсталь | CHMF | Северсталь (ПАО)ао",search_only,TQBR,top100_by_issuecapitalization_common_shares,2026-06-21
20,RUAL,РУСАЛ ОК МКПАО ао,476149085775.08,1,,,,,,https://www.e-disclosure.ru/poisk-po-kompaniyam,"МКПАО ""РУСАЛ"" | РУСАЛ | RUAL | РУСАЛ ОК МКПАО ао",search_only,TQBR,top100_by_issuecapitalization_common_shares,2026-06-21
21,MTSS,Мобильные ТелеСистемы ПАО ао,447537553721.25,1,,,,,,https://www.e-disclosure.ru/poisk-po-kompaniyam,"ПАО ""МТС"" | МТС | MTSS | Мобильные ТелеСистемы ПАО ао",search_only,TQBR,top100_by_issuecapitalization_common_shares,2026-06-21
22,NLMK,"ПАО ""НЛМК"" ао",413772408649.6,1,,,,,,https://www.e-disclosure.ru/poisk-po-kompaniyam,"ПАО ""НЛМК"" | НЛМК | NLMK | ПАО ""НЛМК"" ао",search_only,TQBR,top100_by_issuecapitalization_common_shares,2026-06-21
23,DOMRF,ПАО ДОМ.РФ,413222374117.8,1,,,,,,https://www.e-disclosure.ru/poisk-po-kompaniyam,DOMRF | ПАО ДОМ.РФ,search_only,TQBR,top100_by_issuecapitalization_common_shares,2026-06-21
24,MOEX,ПАО Московская Биржа,388194740632.74,1,43,https://www.e-disclosure.ru/portal/company.aspx?id=43,https://www.e-disclosure.ru/portal/files.aspx?id=43&type=4,https://www.e-disclosure.ru/portal/files.aspx?id=43&type=3,https://www.e-disclosure.ru/portal/files.aspx?id=43&type=2,https://www.e-disclosure.ru/poisk-po-kompaniyam,"ПАО ""Московская Биржа"" | Московская Биржа | MOEX | ПАО Московская Биржа",known_company_id,TQBR,top100_by_issuecapitalization_common_shares,2026-06-21
25,PIKK,ПИК СЗ (ПАО) ао,387976139865.6,1,,,,,,https://www.e-disclosure.ru/poisk-po-kompaniyam,"ПАО ""ПИК"" | ПИК | PIKK | ПИК СЗ (ПАО) ао",search_only,TQBR,top100_by_issuecapitalization_common_shares,2026-06-21
26,UNAC,Об.авиастр.корп. ПАО ао,313481949334.83,3,,,,,,https://www.e-disclosure.ru/poisk-po-kompaniyam,UNAC | Об.авиастр.корп. ПАО ао,search_only,TQBR,top100_by_issuecapitalization_common_shares,2026-06-21
27,CBOM,"""МКБ"" ПАО ао",288665544692.91,1,,,,,,https://www.e-disclosure.ru/poisk-po-kompaniyam,"ПАО ""МОСКОВСКИЙ КРЕДИТНЫЙ БАНК"" | МКБ | CBOM | ""МКБ"" ПАО ао",search_only,TQBR,top100_by_issuecapitalization_common_shares,2026-06-21
28,IRAO,"""Интер РАО"" ПАО ао",283132800000.0,1,,,,,,https://www.e-disclosure.ru/poisk-po-kompaniyam,"ПАО ""Интер РАО"" | Интер РАО | IRAO | ""Интер РАО"" ПАО ао",search_only,TQBR,top100_by_issuecapitalization_common_shares,2026-06-21
29,VSMO,Корп. ВСМПО-АВИСМА (ПАО) ао,254572199040.0,2,,,,,,https://www.e-disclosure.ru/poisk-po-kompaniyam,VSMO | Корп. ВСМПО-АВИСМА (ПАО) ао,search_only,TQBR,top100_by_issuecapitalization_common_shares,2026-06-21
30,SVCB,Совкомбанк ао,238109120670.37,1,,,,,,https://www.e-disclosure.ru/poisk-po-kompaniyam,SVCB | Совкомбанк ао,search_only,TQBR,top100_by_issuecapitalization_common_shares,2026-06-21
31,ENPG,МКПАО ЭН+ ГРУП ао,236054667072.0,1,,,,,,https://www.e-disclosure.ru/poisk-po-kompaniyam,ЭН+ ГРУП | En+ Group | ENPG | МКПАО ЭН+ ГРУП ао,search_only,TQBR,top100_by_issuecapitalization_common_shares,2026-06-21
32,MAGN,"""Магнитогорск.мет.комб"" ПАО ао",233934598550.0,1,,,,,,https://www.e-disclosure.ru/poisk-po-kompaniyam,"ПАО ""ММК"" | ММК | MAGN | ""Магнитогорск.мет.комб"" ПАО ао",search_only,TQBR,top100_by_issuecapitalization_common_shares,2026-06-21
33,IRKT,"""Яковлев"" ПАО ак.об.-3",219092263564.32,3,,,,,,https://www.e-disclosure.ru/poisk-po-kompaniyam,"IRKT | ""Яковлев"" ПАО ак.об.-3",search_only,TQBR,top100_by_issuecapitalization_common_shares,2026-06-21
34,MGNT,"""Магнит"" ПАО ао",212128485432.5,3,,,,,,https://www.e-disclosure.ru/poisk-po-kompaniyam,"ПАО ""Магнит"" | Магнит | MGNT | ""Магнит"" ПАО ао",search_only,TQBR,top100_by_issuecapitalization_common_shares,2026-06-21
35,EVRZ,ПАО ЕВРАЗ,209658662724.42,3,,,,,,https://www.e-disclosure.ru/poisk-po-kompaniyam,EVRZ | ПАО ЕВРАЗ,search_only,TQBR,top100_by_issuecapitalization_common_shares,2026-06-21
36,LENT,Лента МКПАО ао,205409783887.0,1,,,,,,https://www.e-disclosure.ru/poisk-po-kompaniyam,LENT | Лента МКПАО ао,search_only,TQBR,top100_by_issuecapitalization_common_shares,2026-06-21
37,ALRS,АЛРОСА ПАО ао,178968664809.0,1,,,,,,https://www.e-disclosure.ru/poisk-po-kompaniyam,"АК ""АЛРОСА"" (ПАО) | АЛРОСА | ALRS | АЛРОСА ПАО ао",search_only,TQBR,top100_by_issuecapitalization_common_shares,2026-06-21
38,FLOT,Совкомфлот ао,177649543794.8,1,,,,,,https://www.e-disclosure.ru/poisk-po-kompaniyam,"ПАО ""Совкомфлот"" | Совкомфлот | FLOT | Совкомфлот ао",search_only,TQBR,top100_by_issuecapitalization_common_shares,2026-06-21
39,FESH,ДВ морское пароходство ПАО ао,175924012500.0,2,,,,,,https://www.e-disclosure.ru/poisk-po-kompaniyam,FESH | ДВ морское пароходство ПАО ао,search_only,TQBR,top100_by_issuecapitalization_common_shares,2026-06-21
40,BANE,Башнефть АНК ао,174458857020.0,3,,,,,,https://www.e-disclosure.ru/poisk-po-kompaniyam,BANE | Башнефть АНК ао,search_only,TQBR,top100_by_issuecapitalization_common_shares,2026-06-21
41,GAZS,ГАЗ-сервис (ПАО) ао,173261023313.0,3,,,,,,https://www.e-disclosure.ru/poisk-po-kompaniyam,GAZS | ГАЗ-сервис (ПАО) ао,search_only,TQBR,top100_by_issuecapitalization_common_shares,2026-06-21
42,AFLT,Аэрофлот-росс.авиалин(ПАО)ао,168970276637.5,1,,,,,,https://www.e-disclosure.ru/poisk-po-kompaniyam,"ПАО ""Аэрофлот"" | Аэрофлот | AFLT | Аэрофлот-росс.авиалин(ПАО)ао",search_only,TQBR,top100_by_issuecapitalization_common_shares,2026-06-21
43,NMTP,НМТП (ПАО) ао,163226935515.0,3,,,,,,https://www.e-disclosure.ru/poisk-po-kompaniyam,"ПАО ""НМТП"" | НМТП | NMTP | НМТП (ПАО) ао",search_only,TQBR,top100_by_issuecapitalization_common_shares,2026-06-21
44,RTKM,Ростелеком (ПАО) ао.,155614101834.6,1,,,,,,https://www.e-disclosure.ru/poisk-po-kompaniyam,"ПАО ""Ростелеком"" | Ростелеком | RTKM | Ростелеком (ПАО) ао.",search_only,TQBR,top100_by_issuecapitalization_common_shares,2026-06-21
45,HYDR,"ПАО ""РусГидро""",149228177996.25,1,,,,,,https://www.e-disclosure.ru/poisk-po-kompaniyam,"ПАО ""РусГидро"" | РусГидро | HYDR",search_only,TQBR,top100_by_issuecapitalization_common_shares,2026-06-21
46,GAZC,ГАЗКОН (ПАО) ао,148526475059.0,3,,,,,,https://www.e-disclosure.ru/poisk-po-kompaniyam,GAZC | ГАЗКОН (ПАО) ао,search_only,TQBR,top100_by_issuecapitalization_common_shares,2026-06-21
47,UGLD,ЮГК,135003982525.51,2,,,,,,https://www.e-disclosure.ru/poisk-po-kompaniyam,UGLD | ЮГК,search_only,TQBR,top100_by_issuecapitalization_common_shares,2026-06-21
48,GCHE,Группа Черкизово ПАО-ао,131268328578.0,3,,,,,,https://www.e-disclosure.ru/poisk-po-kompaniyam,GCHE | Группа Черкизово ПАО-ао,search_only,TQBR,top100_by_issuecapitalization_common_shares,2026-06-21
49,AFKS,"АФК ""Система"" ПАО ао",130641700000.0,1,,,,,,https://www.e-disclosure.ru/poisk-po-kompaniyam,"ПАО АФК ""Система"" | Система | AFKS | АФК ""Система"" ПАО ао",search_only,TQBR,top100_by_issuecapitalization_common_shares,2026-06-21
50,VKCO,Международная компания ПАО ВК,130163829696.0,1,,,,,,https://www.e-disclosure.ru/poisk-po-kompaniyam,ВК | VK | VKCO | Международная компания ПАО ВК,search_only,TQBR,top100_by_issuecapitalization_common_shares,2026-06-21
51,HEAD,МКПАО Хэдхантер,128956380894.0,1,,,,,,https://www.e-disclosure.ru/poisk-po-kompaniyam,HeadHunter | Хэдхантер | HEAD | МКПАО Хэдхантер,search_only,TQBR,top100_by_issuecapitalization_common_shares,2026-06-21
52,BSPB,"ПАО ""Банк ""Санкт-Петербург"" ао",128813937328.83,1,3935,https://www.e-disclosure.ru/portal/company.aspx?id=3935,https://www.e-disclosure.ru/portal/files.aspx?id=3935&type=4,https://www.e-disclosure.ru/portal/files.aspx?id=3935&type=3,https://www.e-disclosure.ru/portal/files.aspx?id=3935&type=2,https://www.e-disclosure.ru/poisk-po-kompaniyam,"ПАО ""Банк Санкт-Петербург"" | Банк Санкт-Петербург | BSPB | ПАО ""Банк ""Санкт-Петербург"" ао",known_company_id,TQBR,top100_by_issuecapitalization_common_shares,2026-06-21
53,FEES,"""ФСК - Россети"" ПАО",119236173843.6,1,,,,,,https://www.e-disclosure.ru/poisk-po-kompaniyam,"ПАО ""Россети"" | Россети | FEES | ""ФСК - Россети"" ПАО",search_only,TQBR,top100_by_issuecapitalization_common_shares,2026-06-21
54,LSNG,Россети Ленэнерго ПАО-ао,118736329507.6,3,,,,,,https://www.e-disclosure.ru/poisk-po-kompaniyam,LSNG | Россети Ленэнерго ПАО-ао,search_only,TQBR,top100_by_issuecapitalization_common_shares,2026-06-21
55,VEON-RX,VEON Ltd. ORD SHS,101449389432.0,3,,,,,,https://www.e-disclosure.ru/poisk-po-kompaniyam,VEON-RX | VEON Ltd. ORD SHS,search_only,TQBR,top100_by_issuecapitalization_common_shares,2026-06-21
56,KZOS,"ПАО ""Органический синтез"" ао",99609361200.0,3,,,,,,https://www.e-disclosure.ru/poisk-po-kompaniyam,"KZOS | ПАО ""Органический синтез"" ао",search_only,TQBR,top100_by_issuecapitalization_common_shares,2026-06-21
57,MGTS,"ПАО ""МГТС"" ао (5 в)",95969336204.0,3,,,,,,https://www.e-disclosure.ru/poisk-po-kompaniyam,"MGTS | ПАО ""МГТС"" ао (5 в)",search_only,TQBR,top100_by_issuecapitalization_common_shares,2026-06-21
58,MDMG,МКПАО «МД Медикал Груп»,95138312664.0,1,,,,,,https://www.e-disclosure.ru/poisk-po-kompaniyam,MDMG | МКПАО «МД Медикал Груп»,search_only,TQBR,top100_by_issuecapitalization_common_shares,2026-06-21
59,RAGR,Группа Русагро,94053335760.0,1,,,,,,https://www.e-disclosure.ru/poisk-po-kompaniyam,RAGR | Группа Русагро,search_only,TQBR,top100_by_issuecapitalization_common_shares,2026-06-21
60,RGSS,Росгосстрах СК ПАО ао,91928802543.84,3,,,,,,https://www.e-disclosure.ru/poisk-po-kompaniyam,RGSS | Росгосстрах СК ПАО ао,search_only,TQBR,top100_by_issuecapitalization_common_shares,2026-06-21
61,NKNC,"""Нижнекамскнефтехим"" ПАО ао",91841592000.0,3,,,,,,https://www.e-disclosure.ru/poisk-po-kompaniyam,"NKNC | ""Нижнекамскнефтехим"" ПАО ао",search_only,TQBR,top100_by_issuecapitalization_common_shares,2026-06-21
62,MSRS,ПАО Россети Моск.рег. ао,84506803880.89,2,,,,,,https://www.e-disclosure.ru/poisk-po-kompaniyam,MSRS | ПАО Россети Моск.рег. ао,search_only,TQBR,top100_by_issuecapitalization_common_shares,2026-06-21
63,PRMD,ПРОМОМЕД,80431250000.0,2,,,,,,https://www.e-disclosure.ru/poisk-po-kompaniyam,PRMD | ПРОМОМЕД,search_only,TQBR,top100_by_issuecapitalization_common_shares,2026-06-21
64,LEAS,ПАО «ЛК «Европлан»,79548000000.0,1,,,,,,https://www.e-disclosure.ru/poisk-po-kompaniyam,LEAS | ПАО «ЛК «Европлан»,search_only,TQBR,top100_by_issuecapitalization_common_shares,2026-06-21
65,TRMK,ПАО ТМК,75071130522.5,2,,,,,,https://www.e-disclosure.ru/poisk-po-kompaniyam,TRMK | ПАО ТМК,search_only,TQBR,top100_by_issuecapitalization_common_shares,2026-06-21
66,UTAR,"Авиакомпания ""ЮТэйр"" (ПАО) ао",73197062694.36,3,,,,,,https://www.e-disclosure.ru/poisk-po-kompaniyam,"UTAR | Авиакомпания ""ЮТэйр"" (ПАО) ао",search_only,TQBR,top100_by_issuecapitalization_common_shares,2026-06-21
67,UPRO,Юнипро ПАО ао,72726682538.26,1,,,,,,https://www.e-disclosure.ru/poisk-po-kompaniyam,"ПАО ""Юнипро"" | Юнипро | UPRO | Юнипро ПАО ао",search_only,TQBR,top100_by_issuecapitalization_common_shares,2026-06-21
68,MSNG,МосЭнерго акции обыкн.,72641954851.75,1,,,,,,https://www.e-disclosure.ru/poisk-po-kompaniyam,"ПАО ""Мосэнерго"" | Мосэнерго | MSNG | МосЭнерго акции обыкн.",search_only,TQBR,top100_by_issuecapitalization_common_shares,2026-06-21
69,RASP,ПАО Распадская ао,72498423670.2,2,,,,,,https://www.e-disclosure.ru/poisk-po-kompaniyam,"ПАО ""Распадская"" | Распадская | RASP | ПАО Распадская ао",search_only,TQBR,top100_by_issuecapitalization_common_shares,2026-06-21
70,KFBA,ИНГРАД ПАО ао,71724179820.0,3,,,,,,https://www.e-disclosure.ru/poisk-po-kompaniyam,KFBA | ИНГРАД ПАО ао,search_only,TQBR,top100_by_issuecapitalization_common_shares,2026-06-21
71,MRKP,Россети Центр и Приволжье ао,68486463417.03,2,,,,,,https://www.e-disclosure.ru/poisk-po-kompaniyam,MRKP | Россети Центр и Приволжье ао,search_only,TQBR,top100_by_issuecapitalization_common_shares,2026-06-21
72,GEMC,Юнайтед Медикал Груп ПАО,67419000000.0,1,,,,,,https://www.e-disclosure.ru/poisk-po-kompaniyam,GEMC | Юнайтед Медикал Груп ПАО,search_only,TQBR,top100_by_issuecapitalization_common_shares,2026-06-21
73,SGZH,Сегежа ао,65191950000.0,1,,,,,,https://www.e-disclosure.ru/poisk-po-kompaniyam,SGZH | Сегежа ао,search_only,TQBR,top100_by_issuecapitalization_common_shares,2026-06-21
74,LSRG,Группа ЛСР ПАО ао,65156307966.0,1,,,,,,https://www.e-disclosure.ru/poisk-po-kompaniyam,"ПАО ""Группа ЛСР"" | Группа ЛСР | LSRG | Группа ЛСР ПАО ао",search_only,TQBR,top100_by_issuecapitalization_common_shares,2026-06-21
75,KAZT,Куйбышевазот ПАО ао,62263000078.0,3,,,,,,https://www.e-disclosure.ru/poisk-po-kompaniyam,KAZT | Куйбышевазот ПАО ао,search_only,TQBR,top100_by_issuecapitalization_common_shares,2026-06-21
76,UWGN,ПАО НПК ОВК ао,60442419315.2,3,,,,,,https://www.e-disclosure.ru/poisk-po-kompaniyam,UWGN | ПАО НПК ОВК ао,search_only,TQBR,top100_by_issuecapitalization_common_shares,2026-06-21
77,POSI,Группа Позитив ао,57483940800.0,1,,,,,,https://www.e-disclosure.ru/poisk-po-kompaniyam,"ПАО ""Группа Позитив"" | Positive Technologies | POSI | Группа Позитив ао",search_only,TQBR,top100_by_issuecapitalization_common_shares,2026-06-21
78,USBN,БАНК УРАЛСИБ ПАО ао,54020204603.55,3,,,,,,https://www.e-disclosure.ru/poisk-po-kompaniyam,USBN | БАНК УРАЛСИБ ПАО ао,search_only,TQBR,top100_by_issuecapitalization_common_shares,2026-06-21
79,MRKU,Россети Урал (ПАО) ао,52510749718.03,2,,,,,,https://www.e-disclosure.ru/poisk-po-kompaniyam,MRKU | Россети Урал (ПАО) ао,search_only,TQBR,top100_by_issuecapitalization_common_shares,2026-06-21
80,OZPH,Озон Фармацевтика,52207444848.18,1,,,,,,https://www.e-disclosure.ru/poisk-po-kompaniyam,OZPH | Озон Фармацевтика,search_only,TQBR,top100_by_issuecapitalization_common_shares,2026-06-21
81,MRKY,Россети Юг  (ПАО) ао,51021003843.22,3,,,,,,https://www.e-disclosure.ru/poisk-po-kompaniyam,MRKY | Россети Юг  (ПАО) ао,search_only,TQBR,top100_by_issuecapitalization_common_shares,2026-06-21
82,VJGZ,ННК-Варьеганнефтегаз ПАО ао,51016930200.0,3,,,,,,https://www.e-disclosure.ru/poisk-po-kompaniyam,VJGZ | ННК-Варьеганнефтегаз ПАО ао,search_only,TQBR,top100_by_issuecapitalization_common_shares,2026-06-21
83,CNRU,"МКПАО ""Циан""",49942125070.0,1,,,,,,https://www.e-disclosure.ru/poisk-po-kompaniyam,"CNRU | МКПАО ""Циан""",search_only,TQBR,top100_by_issuecapitalization_common_shares,2026-06-21
84,AVAN,"АКБ ""АВАНГАРД"" ПАО ао",48420000000.0,3,,,,,,https://www.e-disclosure.ru/poisk-po-kompaniyam,"AVAN | АКБ ""АВАНГАРД"" ПАО ао",search_only,TQBR,top100_by_issuecapitalization_common_shares,2026-06-21
85,ELMT,Элемент,47442279443.04,3,,,,,,https://www.e-disclosure.ru/poisk-po-kompaniyam,ELMT | Элемент,search_only,TQBR,top100_by_issuecapitalization_common_shares,2026-06-21
86,RENI,Ренессанс Страхование ао,46182524517.6,1,,,,,,https://www.e-disclosure.ru/poisk-po-kompaniyam,RENI | Ренессанс Страхование ао,search_only,TQBR,top100_by_issuecapitalization_common_shares,2026-06-21
87,TNSE,"ПАО ГК ""ТНС энерго"" ао",44900165115.0,3,,,,,,https://www.e-disclosure.ru/poisk-po-kompaniyam,"TNSE | ПАО ГК ""ТНС энерго"" ао",search_only,TQBR,top100_by_issuecapitalization_common_shares,2026-06-21
88,FIXR,ПАО Фикс Прайс,44780000000.0,1,,,,,,https://www.e-disclosure.ru/poisk-po-kompaniyam,FIXR | ПАО Фикс Прайс,search_only,TQBR,top100_by_issuecapitalization_common_shares,2026-06-21
89,MRKS,Россети Сибирь ао,44657941890.28,3,,,,,,https://www.e-disclosure.ru/poisk-po-kompaniyam,MRKS | Россети Сибирь ао,search_only,TQBR,top100_by_issuecapitalization_common_shares,2026-06-21
90,MBNK,МТС-Банк ао,43887401971.5,1,,,,,,https://www.e-disclosure.ru/poisk-po-kompaniyam,MBNK | МТС-Банк ао,search_only,TQBR,top100_by_issuecapitalization_common_shares,2026-06-21
91,APTK,"ПАО ""Аптечная сеть 36,6"" ао",43066168513.94,2,,,,,,https://www.e-disclosure.ru/poisk-po-kompaniyam,"APTK | ПАО ""Аптечная сеть 36,6"" ао",search_only,TQBR,top100_by_issuecapitalization_common_shares,2026-06-21
92,MRKV,Россети Волга ао,40778088463.41,2,,,,,,https://www.e-disclosure.ru/poisk-po-kompaniyam,MRKV | Россети Волга ао,search_only,TQBR,top100_by_issuecapitalization_common_shares,2026-06-21
93,SELG,"ПАО ""Селигдар""  ао",38594100000.0,1,,,,,,https://www.e-disclosure.ru/poisk-po-kompaniyam,"SELG | ПАО ""Селигдар""  ао",search_only,TQBR,top100_by_issuecapitalization_common_shares,2026-06-21
94,KMAZ,КАМАЗ ПАО,38331842097.8,2,,,,,,https://www.e-disclosure.ru/poisk-po-kompaniyam,"ПАО ""КАМАЗ"" | КАМАЗ | KMAZ | КАМАЗ ПАО",search_only,TQBR,top100_by_issuecapitalization_common_shares,2026-06-21
95,MRKK,Россети Сев. Кавказ ао,37680375060.0,3,,,,,,https://www.e-disclosure.ru/poisk-po-kompaniyam,MRKK | Россети Сев. Кавказ ао,search_only,TQBR,top100_by_issuecapitalization_common_shares,2026-06-21
96,BELU,НоваБев Групп ПАО ао,36807680000.0,1,,,,,,https://www.e-disclosure.ru/poisk-po-kompaniyam,BELU | НоваБев Групп ПАО ао,search_only,TQBR,top100_by_issuecapitalization_common_shares,2026-06-21
97,ASTR,Группа Астра ао,36372000000.0,1,,,,,,https://www.e-disclosure.ru/poisk-po-kompaniyam,"ПАО ""Группа Астра"" | Группа Астра | ASTR | Группа Астра ао",search_only,TQBR,top100_by_issuecapitalization_common_shares,2026-06-21
98,VSEH,ВИ.ру,35245000000.0,1,,,,,,https://www.e-disclosure.ru/poisk-po-kompaniyam,VSEH | ВИ.ру,search_only,TQBR,top100_by_issuecapitalization_common_shares,2026-06-21
99,SFIN,ЭсЭфАй ПАО ао,32859011837.8,1,,,,,,https://www.e-disclosure.ru/poisk-po-kompaniyam,SFIN | ЭсЭфАй ПАО ао,search_only,TQBR,top100_by_issuecapitalization_common_shares,2026-06-21
100,OGKB,ОГК-2 ПАО ао,32022343541.14,2,,,,,,https://www.e-disclosure.ru/poisk-po-kompaniyam,"ПАО ""ОГК-2"" | ОГК-2 | OGKB | ОГК-2 ПАО ао",search_only,TQBR,top100_by_issuecapitalization_common_shares,2026-06-21
